0610957732,Breena,Pitcaithly,bpitcaithly0@topsy.com,Female,Afghanistan,https://robohash.org/harumquaeaccusantium.bmp?size=50x50&set=set1,5/3/2019
3066839508,Mathian,Aery,maery1@mapy.cz,Male,Poland,https://robohash.org/teneturlaudantiumdolore.png?size=50x50&set=set1,6/29/2019
8203009492,Iseabal,Deakins,ideakins2@wordpress.org,Female,Russia,https://robohash.org/numquamdictasit.png?size=50x50&set=set1,12/11/2018
4161628617,Kasper,Espina,kespina3@wikimedia.org,Male,Poland,https://robohash.org/corruptireiciendisvoluptatem.bmp?size=50x50&set=set1,9/1/2019
3069053483,Tami,Halbord,thalbord4@goo.gl,Female,China,https://robohash.org/molestiaelaborumcupiditate.bmp?size=50x50&set=set1,3/11/2019
0338244662,Alvinia,Bushill,abushill5@msn.com,Female,Egypt,https://robohash.org/sitsittenetur.png?size=50x50&set=set1,5/11/2019
3557746461,Wheeler,Farmiloe,wfarmiloe6@google.de,Male,Indonesia,https://robohash.org/delectusquiaeum.png?size=50x50&set=set1,4/15/2019
3467236561,Vanya,Lomasney,vlomasney7@google.nl,Female,China,https://robohash.org/veniamnamvoluptates.bmp?size=50x50&set=set1,11/23/2018
5427739637,Jasen,Fairbairn,jfairbairn8@accuweather.com,Male,Mexico,https://robohash.org/necessitatibusquamfugit.jpg?size=50x50&set=set1,6/10/2019
2722667398,Ermentrude,Benoix,ebenoix9@ucla.edu,Female,Tajikistan,https://robohash.org/voluptatumvoluptatesearum.bmp?size=50x50&set=set1,2/4/2019
